Algorithm,Run 1,Run 2,Run 3,Run 4,Run 5,Run 6,Run 7,Run 8,Run 9,Run 10,Mean,Std Dev
quicksort.py,9.0,8.0,8.0,8.0,8.0,9.0,8.0,8.0,8.0,8.0,8.2,0.4216370213557839
heapsort.py,56.0,62.0,112.0,112.0,117.0,89.0,88.0,89.0,88.0,90.0,90.3,20.127648203956223
mergesort.py,2.0,3.0,81.0,85.0,83.0,70.0,68.0,66.0,65.0,65.0,58.8,30.629687849825988
numpysort.py,7.0,9.0,10.0,8.0,9.0,9.0,10.0,9.0,8.0,8.0,8.7,0.9486832980505138
